inst#,actual,predicted,error,prediction,id
1,1:?,1:N,,0.963,326428925972582400
2,1:?,2:Y,,0.638,326469551128723460
3,1:?,2:Y,,0.637,326496283516882940
4,1:?,1:N,,0.732,326499885656461310
5,1:?,1:N,,0.986,326532133399166980
6,1:?,2:Y,,0.639,326542608438550530
7,1:?,1:N,,0.986,326544453617733630
8,1:?,1:N,,0.611,326697058226552830
9,1:?,1:N,,0.526,326749581171912700
10,1:?,1:N,,0.976,326926314764382210
11,1:?,2:Y,,0.989,326936313477615620
12,1:?,1:N,,0.987,327135691106549760
13,1:?,1:N,,0.987,327395498036191230
14,1:?,1:N,,0.977,327580098863702020
15,1:?,2:Y,,0.993,327628658644754430
16,1:?,1:N,,0.987,327680503136256000
17,1:?,1:N,,0.987,327719466060369920
18,1:?,1:N,,0.629,327774829325479940
19,1:?,2:Y,,0.999,327789313175719940
20,1:?,2:Y,,1,327789632651685890
21,1:?,2:Y,,0.971,327981303863595010
22,1:?,1:N,,0.976,328004776640000000
23,1:?,1:N,,0.694,328158014865559550
24,1:?,1:N,,0.598,328245474291224580
25,1:?,1:N,,0.988,328292713944461310
26,1:?,1:N,,0.888,328370870294806530
27,1:?,1:N,,0.988,328376065724645380
28,1:?,1:N,,0.988,328424204628291580
29,1:?,1:N,,0.879,328704174441254910
30,1:?,1:N,,0.957,328750163508207620
31,1:?,2:Y,,0.992,328794313410625540
32,1:?,1:N,,0.99,328798642720874500
33,1:?,1:N,,0.821,328839576049303550
34,1:?,1:N,,0.988,328916386833371140
35,1:?,1:N,,0.988,328929171562692610
36,1:?,2:Y,,0.63,328965153200672770
37,1:?,1:N,,1,329066418119245820
38,1:?,1:N,,0.732,329233009289080830
39,1:?,2:Y,,0.663,329251684557676540
40,1:?,2:Y,,0.998,329340088809033730
41,1:?,1:N,,0.983,329351781966573570
42,1:?,1:N,,0.979,329389823674679300
43,1:?,2:Y,,0.537,329589382350782460
44,1:?,2:Y,,0.927,329740968238645250
45,1:?,1:N,,0.81,329788636985950210
46,1:?,1:N,,0.984,329830189754359810
47,1:?,2:Y,,0.975,329867012782309380
48,1:?,2:Y,,1,329890622674718720
49,1:?,1:N,,0.989,329927078675898370
50,1:?,1:N,,0.989,329978535609507840
51,1:?,1:N,,0.78,329995707756990460
52,1:?,2:Y,,0.744,330005227136753660
53,1:?,2:Y,,0.674,330021133095141380
54,1:?,1:N,,0.994,330077029649227780
55,1:?,2:Y,,0.863,330077223061172220
56,1:?,1:N,,0.518,330089572769857540
57,1:?,1:N,,0.971,330120617842065410
58,1:?,1:N,,0.91,330121833493970940
59,1:?,1:N,,0.984,330176185705304060
60,1:?,1:N,,0.888,330249261658808320
61,1:?,1:N,,0.989,330352563264303100
62,1:?,1:N,,0.992,330357844513796100
63,1:?,1:N,,0.992,330357846443171840
64,1:?,2:Y,,1,330410314317316100
65,1:?,1:N,,0.666,330435039475167230
66,1:?,1:N,,0.566,330451531067437060
67,1:?,1:N,,0.981,330565988187766780
68,1:?,1:N,,0.995,330578120694452220
69,1:?,1:N,,0.964,330651888385130500
70,1:?,1:N,,0.631,330748521814818820
71,1:?,2:Y,,0.993,330755655256379390
72,1:?,1:N,,1,330768789878743040
73,1:?,1:N,,0.995,330906547741921280
74,1:?,1:N,,0.989,331042998672576510
75,1:?,1:N,,0.989,331105734580379650
76,1:?,2:Y,,0.694,331111741092163580
77,1:?,1:N,,0.989,331151342754230270
78,1:?,1:N,,0.929,331162677953048580
79,1:?,1:N,,0.929,331163139808829440
80,1:?,1:N,,0.869,331248642168061950
81,1:?,1:N,,0.992,331252882676539390
82,1:?,1:N,,0.998,331314255758508030
83,1:?,1:N,,0.989,331380573253804030
84,1:?,1:N,,0.592,331452827975163900
85,1:?,1:N,,0.718,331657431153270780
86,1:?,2:Y,,0.912,331745125501915140
87,1:?,1:N,,0.928,331867121531367420
88,1:?,1:N,,0.928,331868658991239170
89,1:?,2:Y,,1,331893502357147650
90,1:?,1:N,,0.999,332063862197219330
91,1:?,1:N,,0.997,332070396104953860
92,1:?,1:N,,1,332074722445639680
93,1:?,1:N,,1,332077859684376580
94,1:?,1:N,,0.723,332087614280708100
95,1:?,1:N,,0.993,332125412186529790
96,1:?,1:N,,0.99,332150477213036540
97,1:?,1:N,,0.934,332156923002617860
98,1:?,1:N,,0.99,332194599357526020
99,1:?,1:N,,0.96,332208274957012990
100,1:?,1:N,,0.874,332223414595117060
101,1:?,2:Y,,0.833,332280215931858940
102,1:?,2:Y,,1,332322723286114300
103,1:?,1:N,,1,332326494040899580
104,1:?,1:N,,0.899,332328720608161790
105,1:?,2:Y,,0.689,332330587106992130
106,1:?,1:N,,0.964,332331546470121470
107,1:?,1:N,,1,332351420722458620
108,1:?,1:N,,0.934,332353466645221380
109,1:?,1:N,,0.99,332354663653470210
110,1:?,1:N,,0.836,332357512366018560
111,1:?,1:N,,0.974,332370715380678660
112,1:?,2:Y,,0.652,332372843377590270
113,1:?,1:N,,0.985,332378749339312130
114,1:?,1:N,,0.929,332445569031233540
115,1:?,1:N,,0.921,332451744103661570
116,1:?,2:Y,,0.617,332455402979610620
117,1:?,1:N,,0.956,332464487540076540
118,1:?,1:N,,0.982,332473148018663420
119,1:?,1:N,,1,332480785170980860
120,1:?,1:N,,0.951,332488077173989380
121,1:?,2:Y,,0.858,332498254098993150
122,1:?,1:N,,0.99,332502720747552770
123,1:?,1:N,,0.99,332521044441182210
124,1:?,1:N,,0.983,332538601629966340
125,1:?,1:N,,0.958,332542581760204800
126,1:?,1:N,,0.845,332551890296520700
127,1:?,1:N,,0.99,332574142903775230
128,1:?,1:N,,0.939,332574327444746240
129,1:?,1:N,,0.876,332599003516637180
130,1:?,1:N,,0.975,332613876317319170
131,1:?,1:N,,0.99,332617142077898750
132,1:?,1:N,,0.876,332618727117971460
133,1:?,1:N,,0.861,332628140692234240
134,1:?,1:N,,1,332669458466369540
135,1:?,1:N,,1,332674588372791300
136,1:?,1:N,,0.999,332705729519710210
137,1:?,1:N,,0.997,332732984614608900
138,1:?,1:N,,0.846,332748904128974850
139,1:?,1:N,,0.762,332788199069995010
140,1:?,2:Y,,1,332830369000853500
141,1:?,2:Y,,0.945,332851467914448900
142,1:?,1:N,,0.99,332870589641527300
143,1:?,1:N,,1,332901375556067330
144,1:?,1:N,,0.581,332908775931539460
145,1:?,1:N,,0.983,332925798073896960
146,1:?,2:Y,,0.895,332967569973714940
147,1:?,1:N,,1,332967951332433920
148,1:?,1:N,,1,333033932952051710
149,1:?,2:Y,,0.967,333041351325265920
150,1:?,1:N,,0.99,333054045604442110
151,1:?,1:N,,0.983,333054213263339520
152,1:?,1:N,,0.99,333057947569635330
153,1:?,1:N,,0.99,333069270630158340
154,1:?,1:N,,0.591,333079296635719680
155,1:?,1:N,,0.999,333094464736354300
156,1:?,1:N,,0.973,333104075128332290
157,1:?,1:N,,0.99,333179079186583550
158,1:?,2:Y,,0.998,333181862862266370
159,1:?,2:Y,,1,333195213197672450
160,1:?,1:N,,0.885,333195747459731460
161,1:?,2:Y,,0.916,333197960282255360
162,1:?,2:Y,,0.984,333210857737695230
163,1:?,1:N,,0.999,333214923071057920
164,1:?,1:N,,0.955,333235656648183810
165,1:?,1:N,,0.972,333258477126426620
166,1:?,1:N,,0.73,333267038929825790
167,1:?,1:N,,0.97,333282298214621180
168,1:?,1:N,,0.615,333297273750564860
169,1:?,1:N,,1,333333556677971970
170,1:?,2:Y,,0.676,333371333784244220
171,1:?,1:N,,0.998,333426416047779840
172,1:?,2:Y,,0.695,333622157315829760
173,1:?,1:N,,1,333687416084910080
174,1:?,1:N,,0.772,333688514342428670
175,1:?,1:N,,0.996,333700458654859260
176,1:?,1:N,,0.975,333708954284724220
177,1:?,1:N,,0.996,333709573649223680
178,1:?,2:Y,,0.985,333711499870752770
179,1:?,1:N,,0.589,333760975465500670
180,1:?,2:Y,,0.519,333761920496726020
181,1:?,1:N,,0.88,333773605496295420
182,1:?,1:N,,0.99,333778808492654590
183,1:?,1:N,,0.99,333804096635142140
184,1:?,1:N,,0.983,333854168664129540
185,1:?,1:N,,0.839,333896144352583680
186,1:?,1:N,,0.789,333932533911805950
187,1:?,1:N,,0.99,333940235656364030
188,1:?,1:N,,0.976,333940403864731650
189,1:?,1:N,,0.99,333965539456196610
190,1:?,1:N,,0.99,333988018593595390
191,1:?,2:Y,,0.745,333998630220476420
192,1:?,2:Y,,0.692,336973659849752580
193,1:?,1:N,,0.813,339424990271254530
194,1:?,1:N,,0.996,339708819494031360
195,1:?,1:N,,0.828,339835250588909570
196,1:?,1:N,,0.995,339841777454432260
197,1:?,2:Y,,0.891,339861852211249150
198,1:?,1:N,,0.994,339905411786342400
199,1:?,1:N,,1,339930763812274180
200,1:?,1:N,,0.996,339978536674803710
201,1:?,1:N,,0.924,340001535784263680
202,1:?,1:N,,0.725,340029254643367940
203,1:?,1:N,,0.991,340053095184756740
204,1:?,1:N,,0.982,340065067049558020
205,1:?,1:N,,0.999,340106813863239680
206,1:?,1:N,,0.985,340109483336417280
207,1:?,1:N,,0.999,340170705792536580
208,1:?,1:N,,0.999,340180531025174530
209,1:?,1:N,,0.999,340249316469907460
210,1:?,1:N,,1,340249439811821570
211,1:?,1:N,,0.936,340259370577317890
212,1:?,1:N,,0.999,340259573027991550
213,1:?,1:N,,0.712,340264812342829060
214,1:?,1:N,,0.999,340267443903672320
215,1:?,1:N,,1,340270319900192770
216,1:?,1:N,,0.999,340270333254844420
217,1:?,1:N,,0.998,340272300207263740
218,1:?,1:N,,0.858,340273426411425790
219,1:?,1:N,,1,340277541468258300
220,1:?,1:N,,0.999,340278266801844220
221,1:?,1:N,,0.999,340280014962561020
222,1:?,1:N,,0.62,340280450897555460
223,1:?,1:N,,0.999,340282931782221820
224,1:?,1:N,,1,340289335637192700
225,1:?,1:N,,0.999,340291831629754370
226,1:?,1:N,,0.999,340292781899673600
227,1:?,1:N,,0.857,340293233185808380
228,1:?,1:N,,0.935,340295250096574460
229,1:?,1:N,,1,340296282532900860
230,1:?,1:N,,0.999,340296570236989440
231,1:?,1:N,,0.999,340303035366518780
232,1:?,1:N,,0.999,340305924453457920
233,1:?,1:N,,0.999,340307611595468800
234,1:?,1:N,,0.999,340310834452508670
235,1:?,1:N,,0.999,340311337462820860
236,1:?,1:N,,0.988,340312063211606020
237,1:?,1:N,,0.992,340312548761014270
238,1:?,1:N,,0.999,340316504648216580
239,1:?,1:N,,0.998,340323846114648060
240,1:?,1:N,,1,340324303784525820
241,1:?,1:N,,0.999,340327731604619260
242,1:?,1:N,,0.999,340329166383742980
243,1:?,1:N,,0.999,340329390070173700
244,1:?,1:N,,0.999,340329445086859260
245,1:?,1:N,,0.998,340330601045434370
246,1:?,2:Y,,0.95,340336517597782020
247,1:?,1:N,,0.999,340339312312856580
248,1:?,1:N,,0.995,340344447357317120
249,1:?,1:N,,0.999,340345557245624320
250,1:?,1:N,,1,340346052202885120
251,1:?,1:N,,0.999,340347609556332540
252,1:?,2:Y,,1,340349251139809280
253,1:?,1:N,,1,340349666015211520
254,1:?,1:N,,1,340357371257819140
255,1:?,1:N,,0.985,340359157716774910
256,1:?,1:N,,1,340360970566238210
257,1:?,1:N,,1,340363046595727360
258,1:?,1:N,,1,340364914084421630
259,1:?,1:N,,0.993,340365132175667200
260,1:?,1:N,,0.999,340367055373082620
261,1:?,1:N,,0.991,340371597842075650
262,1:?,1:N,,0.985,340379513940754430
263,1:?,1:N,,0.997,340381678491009020
264,1:?,1:N,,0.991,340451303274721280
265,1:?,1:N,,1,340460142325817340
266,1:?,1:N,,1,340468118688260100
267,1:?,2:Y,,0.976,340474716039020540
268,1:?,1:N,,1,340480394631733250
269,1:?,1:N,,1,340495218539388930
270,1:?,1:N,,1,340496055491784700
271,1:?,1:N,,0.999,340512786339745790
272,1:?,1:N,,1,340513306588631040
273,1:?,1:N,,0.978,340516617064677380
274,1:?,1:N,,1,340518863194181630
275,1:?,1:N,,0.985,340532202276270080
276,1:?,1:N,,0.999,340539685875093500
277,1:?,2:Y,,0.732,340552211748777980
278,1:?,1:N,,1,340555170989621250
279,1:?,1:N,,1,340555498820620290
280,1:?,1:N,,1,340555608136757250
281,1:?,1:N,,1,340555773077753860
282,1:?,1:N,,1,340556022366216190
283,1:?,1:N,,1,340556045644619780
284,1:?,1:N,,1,340556050841350140
285,1:?,1:N,,1,340556140364574720
286,1:?,1:N,,1,340556216776404990
287,1:?,1:N,,1,340556298913464320
288,1:?,1:N,,1,340556385634906110
289,1:?,1:N,,1,340556541973368830
290,1:?,1:N,,1,340556548969463810
291,1:?,1:N,,1,340556552853397500
292,1:?,1:N,,1,340556688627216380
293,1:?,1:N,,1,340556816771584000
294,1:?,1:N,,1,340556923994791940
295,1:?,1:N,,1,340557100025511940
296,1:?,1:N,,1,340557387297611780
297,1:?,1:N,,1,340557455396323330
298,1:?,1:N,,1,340557619666251780
299,1:?,1:N,,1,340557826495741950
300,1:?,1:N,,0.999,340557833462509570
301,1:?,1:N,,1,340557966874914820
302,1:?,1:N,,1,340558365329604610
303,1:?,1:N,,1,340558600130928640
304,1:?,1:N,,1,340558879085703170
305,1:?,1:N,,1,340560066522529790
306,1:?,1:N,,1,340560111032479740
307,1:?,1:N,,1,340560177545756670
308,1:?,1:N,,1,340562297296662530
309,1:?,1:N,,1,340562746762489860
310,1:?,1:N,,1,340564048150142980
311,1:?,1:N,,1,340564320054296580
312,1:?,1:N,,1,340564793297608700
313,1:?,1:N,,0.984,340578717980045310
314,1:?,1:N,,0.999,340585242148630530
315,1:?,1:N,,0.825,340601194655395840
316,1:?,2:Y,,1,340606683443232770
317,1:?,2:Y,,0.996,340613526244704260
318,1:?,1:N,,0.671,340625010488143870
319,1:?,1:N,,1,340627840728981500
320,1:?,1:N,,0.571,340638766215622660
321,1:?,1:N,,0.988,340642472298426370
322,1:?,1:N,,0.521,340660708364677120
323,1:?,1:N,,0.999,340672457063161860
324,1:?,1:N,,0.863,340673298071433220
325,1:?,1:N,,1,340690346235273220
326,1:?,1:N,,0.999,340692274516221950
327,1:?,2:Y,,0.982,340692300143419390
328,1:?,1:N,,0.712,340702799375527940
329,1:?,1:N,,0.986,340705469813362690
330,1:?,1:N,,0.991,340708307255836670
331,1:?,1:N,,0.877,340740174638092290
332,1:?,1:N,,0.977,340811627488239620
333,1:?,1:N,,1,340945237776166910
334,1:?,1:N,,1,340970695133646850
335,1:?,1:N,,0.967,341019719563898880
336,1:?,2:Y,,1,341023431690686460
337,1:?,1:N,,0.994,341025952995868670
338,1:?,1:N,,0.96,341030439802253310
339,1:?,1:N,,0.999,341049297699213310
340,1:?,1:N,,0.985,341059334597394430
341,1:?,1:N,,1,341071855941210110
342,1:?,1:N,,0.96,341075223841492990
343,1:?,1:N,,0.985,341084788704309250
344,1:?,1:N,,0.999,341086209570918400
345,1:?,1:N,,0.997,341115678557884420
346,1:?,1:N,,0.998,341131895976886270
347,1:?,2:Y,,1,341140203810992130
348,1:?,2:Y,,0.967,341155748119711740
349,1:?,1:N,,1,341197527909007360
350,1:?,1:N,,0.855,341208469795393540
351,1:?,1:N,,0.991,341223147548340220
352,1:?,1:N,,1,341231204114239490
353,1:?,1:N,,0.889,341233565461278720
354,1:?,2:Y,,0.987,341240640455204860
355,1:?,1:N,,0.998,341282367731822590
356,1:?,2:Y,,0.98,341284503387529220
357,1:?,1:N,,1,341322015782891520
358,1:?,1:N,,0.999,341325166548242430
359,1:?,2:Y,,0.992,341342272819965950
360,1:?,1:N,,0.998,341370672146169860
361,1:?,1:N,,1,341383657044467710
362,1:?,1:N,,0.999,341396448652439550
363,1:?,1:N,,1,341397030679220220
364,1:?,1:N,,0.944,341440023981350910
365,1:?,1:N,,0.712,341450374772817920
366,1:?,1:N,,0.995,341513040186966020
367,1:?,2:Y,,0.512,341523790162972670
368,1:?,1:N,,0.991,341540777958178820
369,1:?,1:N,,0.992,341542206911442940
370,1:?,1:N,,0.975,341555493409542140
371,1:?,2:Y,,0.993,341565580534484990
372,1:?,1:N,,0.988,341600745633755140
373,1:?,1:N,,0.968,341606125134819330
374,1:?,1:N,,0.991,341612382419836930
375,1:?,2:Y,,0.613,341615100303654910
376,1:?,1:N,,1,341621317604352000
377,1:?,1:N,,1,341625302704877570
378,1:?,1:N,,0.991,341625718955995140
379,1:?,1:N,,0.803,341627628891029500
380,1:?,2:Y,,0.8,341628738448023550
381,1:?,1:N,,0.827,341629575035506690
382,1:?,1:N,,1,341630520586809340
383,1:?,2:Y,,0.693,341630754175983620
384,1:?,1:N,,0.902,341656590757277700
385,1:?,1:N,,0.944,341657066101936130
386,1:?,1:N,,0.991,341657146909417470
387,1:?,1:N,,0.991,341658076513959940
388,1:?,1:N,,0.996,341664757734060030
389,1:?,1:N,,1,341667972164771840
390,1:?,1:N,,0.991,341669277499289600
391,1:?,1:N,,0.89,341670342101696510
392,1:?,1:N,,0.969,341686189247578110
393,1:?,1:N,,0.999,341687804918652930
394,1:?,1:N,,0.996,341691915831480320
395,1:?,1:N,,0.934,341697480188100610
396,1:?,1:N,,0.676,341698995531427840
397,1:?,1:N,,0.742,341706629227630590
398,1:?,1:N,,0.985,341713442652188670
399,1:?,1:N,,0.942,341714748791984130
400,1:?,1:N,,0.533,341715753814347780
401,1:?,1:N,,0.985,341723975489048580
402,1:?,1:N,,0.985,341724087191760900
403,1:?,1:N,,0.988,341730922305040380
404,1:?,2:Y,,1,341734697115742210
405,1:?,1:N,,0.684,341735297098317820
406,1:?,1:N,,0.941,341741321683365890
407,1:?,1:N,,0.976,341744330286981120
408,1:?,1:N,,0.976,341765641033904130
409,1:?,1:N,,0.903,341767085216645120
410,1:?,1:N,,0.985,341783314031579140
411,1:?,1:N,,0.991,341787658424565760
412,1:?,2:Y,,1,341794238935224320
413,1:?,1:N,,0.999,341799150670725120
414,1:?,1:N,,0.995,341818031409868800
415,1:?,1:N,,1,341826497960636420
416,1:?,1:N,,0.991,341838659810643970
417,1:?,1:N,,0.999,341838900488204290
418,1:?,1:N,,1,341869674864181250
419,1:?,1:N,,0.671,341872544372105220
420,1:?,1:N,,0.866,341886977429352450
421,1:?,1:N,,1,341894830756098050
422,1:?,1:N,,0.996,341901588111167490
423,1:?,1:N,,0.918,341921382264885250
424,1:?,1:N,,0.991,341923962462298110
425,1:?,1:N,,0.984,341938414934962180
426,1:?,1:N,,0.516,341947615853813760
427,1:?,1:N,,0.927,341953288285061120
428,1:?,1:N,,1,341953730624778240
429,1:?,2:Y,,0.554,341953979569283070
430,1:?,2:Y,,0.722,341958442052890620
431,1:?,1:N,,1,341967177395609600
432,1:?,1:N,,0.999,341970034148638720
433,1:?,1:N,,1,341971314426400770
434,1:?,1:N,,0.999,341971758221508610
435,1:?,1:N,,1,341979070554329090
436,1:?,1:N,,0.969,341981313160593410
437,1:?,2:Y,,0.987,341984763671883780
438,1:?,1:N,,0.997,341996169871896580
439,1:?,1:N,,0.891,341996572936114180
440,1:?,1:N,,0.995,341999813455380480
441,1:?,1:N,,0.944,342003891258400770
442,1:?,2:Y,,0.821,342004720447156220
443,1:?,1:N,,0.999,342010593475182590
444,1:?,1:N,,1,342010616724193280
445,1:?,1:N,,0.954,342010805572739070
446,1:?,2:Y,,0.982,342012712122982400
447,1:?,1:N,,0.991,342015253569216510
448,1:?,1:N,,1,342017414181052420
449,1:?,2:Y,,0.748,342026873712308220
450,1:?,2:Y,,0.998,342031084290203650
451,1:?,1:N,,1,342031130129752060
452,1:?,1:N,,0.827,342032619409637380
453,1:?,1:N,,0.856,342043347432652800
454,1:?,1:N,,0.994,342045662206119940
455,1:?,1:N,,0.741,342050583336857600
456,1:?,1:N,,0.96,342052704824197120
457,1:?,1:N,,0.981,342071833471881220
458,1:?,1:N,,1,342090971107958780
459,1:?,2:Y,,0.999,342091560638377980
460,1:?,1:N,,0.764,342091780453462020
461,1:?,1:N,,0.991,342094443328987140
462,1:?,1:N,,0.991,342099125665402880
463,1:?,1:N,,0.96,342109935531868160
464,1:?,2:Y,,1,342112352130449410
465,1:?,1:N,,0.981,342113162528690180
466,1:?,1:N,,0.999,342114295477334020
467,1:?,1:N,,0.997,342126695651868670
468,1:?,1:N,,0.934,342136512927903740
469,1:?,1:N,,0.963,342158424001376260
470,1:?,1:N,,0.973,342158933588320260
471,1:?,1:N,,1,342174038073962500
472,1:?,1:N,,0.978,342205662606000130
473,1:?,1:N,,0.976,342206654839926780
474,1:?,1:N,,0.812,342206899661467650
475,1:?,2:Y,,0.921,342210117292392450
476,1:?,2:Y,,0.673,342252404013686780
477,1:?,2:Y,,0.77,342259185867714560
478,1:?,1:N,,0.852,342275097945587710
479,1:?,1:N,,0.884,342283136480206850
480,1:?,1:N,,0.806,342307398943387650
481,1:?,1:N,,0.992,342307444661305340
482,1:?,1:N,,0.894,342312023612346370
483,1:?,1:N,,0.892,342314895448080380
484,1:?,1:N,,0.999,342314998904786940
485,1:?,1:N,,0.991,342321131778371580
486,1:?,1:N,,0.567,342327962365984770
487,1:?,1:N,,1,342329308850835460
488,1:?,2:Y,,0.941,342338269092147200
489,1:?,1:N,,1,342343624635318270
490,1:?,1:N,,0.955,342354138891448320
491,1:?,1:N,,0.991,342355091879256060
492,1:?,1:N,,1,342360065447186430
493,1:?,1:N,,0.939,342365460949512190
494,1:?,1:N,,0.979,342365935027499010
495,1:?,1:N,,0.969,342366112626917380
496,1:?,2:Y,,0.992,342378452453826560
497,1:?,1:N,,0.995,342401725099016190
498,1:?,1:N,,0.991,342406157752741890
499,1:?,1:N,,0.718,342415533859278850
500,1:?,1:N,,0.794,342452289723850750
501,1:?,2:Y,,0.999,342453275720826880
502,1:?,1:N,,0.999,342473020977336320
503,1:?,1:N,,0.979,342476983676047360
504,1:?,1:N,,0.572,342499228582572030
505,1:?,1:N,,1,342530977672867840
506,1:?,1:N,,0.991,342559472784379900
507,1:?,1:N,,0.757,342600399271911420
508,1:?,2:Y,,0.993,342616665252589570
509,1:?,2:Y,,0.544,342630639427796990
510,1:?,1:N,,0.981,342649735452172290
511,1:?,2:Y,,0.999,342705807537868800
512,1:?,1:N,,0.988,342715754510172160
513,1:?,1:N,,0.978,342722697064759300
514,1:?,1:N,,1,342745718018170880
515,1:?,1:N,,0.991,342786649857609730
516,1:?,2:Y,,0.671,342787998024335360
517,1:?,1:N,,0.972,342804353855389700
518,1:?,1:N,,0.61,342804691417169920
519,1:?,1:N,,0.99,342805473898143740
520,1:?,2:Y,,0.85,342812200567717890
521,1:?,1:N,,1,342830600677363710
522,1:?,1:N,,0.999,342842265632395260
523,1:?,1:N,,1,342886294231334910
524,1:?,1:N,,1,342887388873359360
525,1:?,2:Y,,0.821,342892719313666050
526,1:?,2:Y,,1,342907594135977980
527,1:?,1:N,,0.999,342928556013281280
528,1:?,1:N,,0.991,342935256980127740
529,1:?,1:N,,0.999,342948512260042750
530,1:?,2:Y,,0.987,342972038450917380
531,1:?,2:Y,,0.606,342989392538923010
532,1:?,1:N,,0.897,342997896272171010
533,1:?,1:N,,0.9,342998772105756670
534,1:?,1:N,,0.913,343023041418244100
535,1:?,1:N,,0.946,343031253072764930
536,1:?,1:N,,0.991,343044024397070340
537,1:?,2:Y,,1,343049190248681470
538,1:?,1:N,,0.991,343051602833330180
539,1:?,1:N,,0.981,343069969745072130
540,1:?,1:N,,0.968,343106787601428480
541,1:?,1:N,,0.989,343109074688307200
542,1:?,1:N,,0.915,343112898706554880
543,1:?,1:N,,0.991,343116984784924670
544,1:?,1:N,,0.766,343144389612290050
545,1:?,1:N,,0.994,343146713776795650
546,1:?,1:N,,0.977,343176936295649280
547,1:?,1:N,,0.614,343255526232178690
548,1:?,1:N,,0.999,343259955425579010
549,1:?,1:N,,0.991,343283112949723140
550,1:?,2:Y,,0.996,343335196080340990
551,1:?,1:N,,0.983,343372018860838910
552,1:?,1:N,,0.959,343375883152793600
553,1:?,2:Y,,0.678,343376431864229890
554,1:?,2:Y,,0.83,343389097412415490
555,1:?,1:N,,0.995,343401276802998270
556,1:?,1:N,,0.844,343470947220738050
557,1:?,2:Y,,0.639,343471954109550590
558,1:?,1:N,,1,343475258872971260
559,1:?,1:N,,0.989,343481140629360640
560,1:?,1:N,,1,343491352056717310
561,1:?,1:N,,1,343491529475751940
562,1:?,1:N,,0.991,343494445481725950
563,1:?,1:N,,0.977,343501107340914690
564,1:?,1:N,,0.999,343511850480177150
565,1:?,1:N,,1,343532517573394430
566,1:?,1:N,,0.977,343537449747767300
567,1:?,1:N,,1,343563867571515390
568,1:?,1:N,,0.991,343566154591248380
569,1:?,1:N,,1,343587765516120060
570,1:?,1:N,,1,343587983661862910
571,1:?,1:N,,0.694,343591078080950270
572,1:?,1:N,,0.931,343602588542959620
573,1:?,1:N,,0.973,343602709519273980
574,1:?,1:N,,0.953,343628917632036860
575,1:?,1:N,,0.985,343629150042611710
576,1:?,2:Y,,1,343645132547051520
577,1:?,1:N,,0.945,343696163901427710
578,1:?,1:N,,0.991,343696591007391740
579,1:?,1:N,,0.958,343771158736404480
580,1:?,1:N,,0.98,343797725231460350
581,1:?,2:Y,,0.997,343822622661947390
582,1:?,1:N,,0.967,343829151897231360
583,1:?,1:N,,0.856,343837276377321470
584,1:?,1:N,,0.938,343843296742866940
585,1:?,1:N,,0.999,343858976213069820
586,1:?,1:N,,1,343881827292938240
587,1:?,1:N,,0.995,343910361814151170
588,1:?,1:N,,0.983,343919738558246910
589,1:?,1:N,,0.983,343920337718743040
590,1:?,1:N,,1,343922060218753020
591,1:?,1:N,,0.963,343965554312359940
592,1:?,2:Y,,0.986,343984008008433660
593,1:?,1:N,,0.687,344037318522445820
594,1:?,1:N,,0.994,344063521346183170
595,1:?,1:N,,0.836,344071103657963520
596,1:?,1:N,,0.705,344090835748532220
597,1:?,1:N,,0.973,344101910606925820
598,1:?,1:N,,0.991,344104827590148100
599,1:?,1:N,,0.991,344113184074002430
600,1:?,1:N,,0.999,344121004815163390
601,1:?,2:Y,,0.806,344125482880598020
602,1:?,1:N,,0.967,344133131718234110
603,1:?,1:N,,0.988,344139489272283140
604,1:?,1:N,,0.659,344171823593824260
605,1:?,1:N,,0.985,344173000872046590
606,1:?,1:N,,0.718,344174407595462660
607,1:?,1:N,,0.818,344189055308816380
608,1:?,1:N,,0.769,344200967841005570
609,1:?,1:N,,0.959,344211115640750080
610,1:?,1:N,,0.999,344230350001684480
611,1:?,1:N,,0.995,344230867327127550
612,1:?,1:N,,0.929,344231834302939140
613,1:?,1:N,,0.973,344237912730238980
614,1:?,2:Y,,0.694,344240750508257280
615,1:?,1:N,,0.945,344240983321485310
616,1:?,1:N,,1,344253088380628990
617,1:?,1:N,,0.516,344260506229547010
618,1:?,2:Y,,0.705,344267659136876540
619,1:?,1:N,,0.993,344277643866304510
620,1:?,1:N,,1,344278842388656130
621,1:?,1:N,,1,344280006790361090
622,1:?,1:N,,1,344280275074818050
623,1:?,2:Y,,0.504,344295912924905470
624,1:?,1:N,,0.992,344324190075236350
625,1:?,1:N,,1,344325109458272260
626,1:?,1:N,,0.907,344342903373586430
627,1:?,1:N,,0.98,344344059923537920
628,1:?,1:N,,0.948,344347416289488900
629,1:?,1:N,,0.987,344355151756288000
630,1:?,1:N,,0.646,344356309648412670
631,1:?,1:N,,0.984,344408187895689220
632,1:?,2:Y,,0.502,344421209741598720
633,1:?,1:N,,0.988,344455566548144130
634,1:?,1:N,,0.894,344459480748154880
635,1:?,1:N,,0.987,344467999232770050
636,1:?,2:Y,,0.988,344496248478384130
637,1:?,1:N,,0.822,344510139132436480
638,1:?,1:N,,0.945,344510993285664770
639,1:?,1:N,,0.991,344512463812833280
640,1:?,1:N,,1,344524299392139260
641,1:?,1:N,,1,344543237333217280
642,1:?,1:N,,0.894,344545300301619200
643,1:?,2:Y,,1,344552989085810690
644,1:?,1:N,,0.858,344609201861058560
645,1:?,1:N,,0.854,344609941690126340
646,1:?,1:N,,0.943,344610548635271170
647,1:?,2:Y,,0.72,344619822472114180
648,1:?,1:N,,0.811,344630199217958910
649,1:?,2:Y,,0.619,344757173085151230
650,1:?,1:N,,0.991,344774062494588930
651,1:?,1:N,,0.958,344800837438173180
652,1:?,2:Y,,0.956,344805568214618110
653,1:?,1:N,,0.991,344825458413674500
654,1:?,1:N,,1,344830345759293440
655,1:?,2:Y,,0.818,344831182644588540
656,1:?,1:N,,0.966,344831210264068100
657,1:?,1:N,,0.987,344834833719115780
658,1:?,1:N,,0.987,344834834885136380
659,1:?,1:N,,0.997,344838264429105150
660,1:?,1:N,,0.984,344842600378929150
661,1:?,1:N,,0.973,344850741757890560
662,1:?,1:N,,0.984,344850803682590720
663,1:?,1:N,,0.991,344851551342428160
664,1:?,1:N,,1,344868335588106240
665,1:?,2:Y,,0.548,344872069089075200
666,1:?,1:N,,0.966,344884198357737470
667,1:?,1:N,,0.96,344897428048195580
668,1:?,1:N,,0.842,344897632046571520
669,1:?,2:Y,,0.756,344898461449199620
670,1:?,1:N,,0.989,344907426643976190
671,1:?,1:N,,0.856,344910141755387900
672,1:?,2:Y,,0.976,344942366387494910
673,1:?,2:Y,,1,344960651141193730
674,1:?,1:N,,0.652,344965474938920960
675,1:?,1:N,,0.793,344978291066806270
676,1:?,1:N,,0.991,344979187943219200
677,1:?,2:Y,,1,344994590815817730
678,1:?,1:N,,0.991,345002238659420160
679,1:?,2:Y,,0.63,345004072346198020
680,1:?,1:N,,0.997,345004208170348540
681,1:?,1:N,,0.982,345007765753851900
682,1:?,1:N,,0.999,345045011508903940
683,1:?,2:Y,,0.918,345045191746535420
684,1:?,1:N,,0.999,345053453762060290
685,1:?,1:N,,0.991,345105868670525440
686,1:?,1:N,,0.991,345106310863405060
687,1:?,1:N,,0.991,345143667763318780
688,1:?,2:Y,,0.912,345181898772992000
689,1:?,1:N,,1,345189157150277630
690,1:?,1:N,,0.977,345198679201820670
691,1:?,1:N,,0.991,345200861447864320
692,1:?,1:N,,0.991,345207702466736130
693,1:?,1:N,,0.691,345214162462449660
694,1:?,1:N,,0.893,345223668030373890
695,1:?,1:N,,0.991,345226298853056510
696,1:?,1:N,,0.658,345227239098548220
697,1:?,1:N,,1,345234521140129790
698,1:?,1:N,,0.843,345264497063256060
699,1:?,1:N,,0.805,345278290187132930
700,1:?,1:N,,0.967,345292718370611200
701,1:?,1:N,,1,345318392347115520
702,1:?,1:N,,0.999,345362872991367170
703,1:?,1:N,,1,345395539770224640
704,1:?,1:N,,0.94,345399377508069380
705,1:?,2:Y,,0.996,345406115607101440
706,1:?,2:Y,,0.886,345414697148887040
707,1:?,1:N,,0.994,345438888829022210
708,1:?,1:N,,0.991,345470655187267580
709,1:?,1:N,,0.511,345503875148701700
710,1:?,1:N,,0.775,345507641377841150
711,1:?,1:N,,0.995,345522409488670720
712,1:?,1:N,,0.982,345527268061368320
713,1:?,1:N,,0.936,345537900764602370
714,1:?,1:N,,1,345538163676151810
715,1:?,1:N,,0.894,345547397381890050
716,1:?,1:N,,1,345586700141080580
717,1:?,1:N,,0.842,345614636906868740
718,1:?,1:N,,0.702,345618235221229570
719,1:?,2:Y,,0.814,345672939422769150
720,1:?,1:N,,0.9,345688320153620480
721,1:?,1:N,,0.805,345689338841010180
722,1:?,1:N,,0.999,345711921275740160
723,1:?,1:N,,0.987,345794788798390270
724,1:?,1:N,,0.851,345842375177928700
725,1:?,1:N,,0.991,345946310312071170
726,1:?,2:Y,,0.791,345958089830301700
727,1:?,1:N,,0.987,345964683720814590
728,1:?,1:N,,0.887,345982538260574210
729,1:?,1:N,,0.701,346057244414210050
730,1:?,1:N,,0.656,346096906985938940
731,1:?,1:N,,0.957,346103045727346690
732,1:?,1:N,,1,346127312699396100
733,1:?,1:N,,0.938,346184880536813570
734,1:?,1:N,,0.957,346238446173577220
735,1:?,1:N,,0.86,346333180112039940
736,1:?,1:N,,0.982,346344972603256830
737,1:?,2:Y,,0.991,346352039904833540
738,1:?,1:N,,0.991,346402455766044670
739,1:?,2:Y,,1,346408733955469310
740,1:?,1:N,,0.81,346532631619448830
741,1:?,1:N,,0.991,346550066640715780
742,1:?,1:N,,0.991,346631203698393090
743,1:?,1:N,,1,346637665237626880
744,1:?,2:Y,,0.638,346666588767924220
745,1:?,1:N,,0.952,346667382699339780
746,1:?,1:N,,0.934,346677426618765310
747,1:?,1:N,,0.605,346700255829561340
748,1:?,1:N,,0.906,346713653548023810
749,1:?,1:N,,0.704,346731975903694850
750,1:?,2:Y,,0.994,346739337054007300
751,1:?,1:N,,1,346745268420624380
752,1:?,1:N,,0.991,346745572608339970
753,1:?,1:N,,0.997,346747939726692350
754,1:?,1:N,,0.966,346777563185684480
755,1:?,1:N,,0.983,347030311256854530
756,1:?,1:N,,0.667,347034359775256580
757,1:?,1:N,,0.983,347039314460409860
758,1:?,1:N,,0.99,347040839157030910
759,1:?,2:Y,,0.517,347045429529153540
760,1:?,2:Y,,1,347075951013810180
761,1:?,1:N,,0.951,347081066605064190
762,1:?,1:N,,0.999,347112797659869180
763,1:?,1:N,,0.99,347118525447536640
764,1:?,1:N,,0.99,347122423646277630
765,1:?,2:Y,,1,347125260862242820
766,1:?,1:N,,0.99,347134222693183490
767,1:?,2:Y,,0.999,347149965631553540
768,1:?,1:N,,0.956,347165352414822400
769,1:?,1:N,,0.738,347170621639245820
770,1:?,1:N,,0.761,347199319331446780
771,1:?,1:N,,0.996,347248047685779460
772,1:?,1:N,,1,347256066431672320
773,1:?,1:N,,0.993,347324474015756290
774,1:?,1:N,,0.99,347326324085510140
775,1:?,1:N,,0.99,347326345946230780
776,1:?,1:N,,0.99,347344464722931710
777,1:?,1:N,,1,347363694717591550
778,1:?,1:N,,0.995,347375822526623740
779,1:?,1:N,,0.983,347386904020398080
780,1:?,1:N,,1,347406488337260540
781,1:?,1:N,,1,347450151192903680
782,1:?,1:N,,0.99,347464905236025340
783,1:?,1:N,,0.99,347519743877582850
784,1:?,2:Y,,1,347562115135053820
785,1:?,1:N,,0.99,347581010357129220
786,1:?,1:N,,0.955,347679703047499780
787,1:?,2:Y,,0.989,347713864009408510
788,1:?,2:Y,,0.957,347719655114305540
789,1:?,1:N,,0.89,347741218681286660
790,1:?,1:N,,1,347743077563265020
791,1:?,1:N,,0.998,347746008903581700
792,1:?,2:Y,,0.995,347754081818931200
793,1:?,1:N,,0.975,347824044873220100
794,1:?,1:N,,0.997,347825636095713280
795,1:?,1:N,,0.85,347838612194328580
796,1:?,1:N,,0.997,347846545472892930
797,1:?,1:N,,0.99,347859297151090690
798,1:?,1:N,,0.988,347887346982731780
799,1:?,1:N,,0.99,347906310098010110
800,1:?,1:N,,0.963,347917289749876740
801,1:?,1:N,,0.99,347920691443662850
802,1:?,1:N,,0.987,347929410416046080
803,1:?,1:N,,1,347935207569117180
804,1:?,1:N,,0.838,347958800189362180
805,1:?,1:N,,0.832,347986748795650050
806,1:?,2:Y,,0.996,348006821421780990
807,1:?,1:N,,0.999,348031970732806140
808,1:?,2:Y,,0.975,348083199831842820
809,1:?,1:N,,0.99,348090443852025860
810,1:?,1:N,,0.981,348111347290083330
811,1:?,1:N,,0.981,348111374259453950
812,1:?,1:N,,0.699,348111410108178430
813,1:?,1:N,,0.99,348120419921952770
814,1:?,1:N,,0.915,348130254172336130
815,1:?,1:N,,0.999,348167751761817600
816,1:?,1:N,,0.981,348170867647320060
817,1:?,2:Y,,0.929,348180930957021180
818,1:?,1:N,,0.913,348199052661374980
819,1:?,1:N,,0.82,348263807593902080
820,1:?,1:N,,0.848,348292912972443650
821,1:?,2:Y,,0.94,348304709448261630
822,1:?,1:N,,0.99,348313756612304900
823,1:?,2:Y,,0.558,348318586592456700
824,1:?,1:N,,0.927,348320222626848770
825,1:?,1:N,,0.99,348327897959907330
826,1:?,1:N,,0.647,348332038199324670
827,1:?,1:N,,0.949,348368444439265280
828,1:?,1:N,,0.655,348379241827688450
829,1:?,2:Y,,0.861,348397513205760000
830,1:?,1:N,,0.901,348411886183792640
831,1:?,1:N,,0.953,348415486138134530
832,1:?,1:N,,0.974,348457714147553280
833,1:?,2:Y,,0.928,348459265062731780
834,1:?,1:N,,0.969,348482319188901890
835,1:?,1:N,,1,348482795045257220
836,1:?,2:Y,,0.569,348484475337973760
837,1:?,1:N,,0.998,348485255604363260
838,1:?,1:N,,0.995,348486342847631360
839,1:?,2:Y,,0.985,348502503849070590
840,1:?,1:N,,0.938,348542981877415940
841,1:?,1:N,,0.604,348574980843372540
842,1:?,2:Y,,0.945,348605116133306370
843,1:?,1:N,,0.897,348628070195920900
844,1:?,1:N,,0.918,348628674523844610
845,1:?,1:N,,0.897,348629822190264320
846,1:?,1:N,,0.654,348649853552828420
847,1:?,1:N,,0.999,348661958016376830
848,1:?,1:N,,0.99,348677404073533440
849,1:?,1:N,,0.584,348694702951899140
850,1:?,1:N,,0.937,348712135095877630
851,1:?,1:N,,0.974,348721353203007490
852,1:?,1:N,,1,348747945925029890
853,1:?,1:N,,0.972,348800670687707140
854,1:?,1:N,,0.995,348854114567991300
855,1:?,1:N,,0.929,348862914943389700
856,1:?,1:N,,0.995,348872797717676030
857,1:?,1:N,,0.899,348889614632759300
858,1:?,1:N,,0.559,348894274470948860
859,1:?,1:N,,0.99,348897471696605180
860,1:?,1:N,,0.986,348901281252929540
861,1:?,2:Y,,0.957,348901381001842690
862,1:?,1:N,,0.644,348903374923628540
863,1:?,1:N,,0.632,348903533812264960
864,1:?,1:N,,0.613,348929852994367490
865,1:?,2:Y,,0.609,348946475193081860
866,1:?,1:N,,0.99,348967760241496060
867,1:?,1:N,,0.99,348989464992940030
868,1:?,1:N,,0.634,349008653124251650
869,1:?,1:N,,0.844,349015793012453380
870,1:?,2:Y,,0.593,349023751842709500
871,1:?,1:N,,0.99,349053429274009600
872,1:?,1:N,,0.99,349059375878504450
873,1:?,1:N,,0.982,349064783061983230
874,1:?,1:N,,1,349073241471610880
875,1:?,1:N,,0.99,349088229976334340
876,1:?,1:N,,0.99,349094515988111360
877,1:?,1:N,,0.982,349110309857918980
878,1:?,1:N,,0.971,349118308882186240
879,1:?,2:Y,,0.658,349120400720011260
880,1:?,1:N,,0.953,349126031606685700
881,1:?,1:N,,0.933,349139552700600320
882,1:?,1:N,,0.694,349141513780985860
883,1:?,2:Y,,1,349141921605763070
884,1:?,1:N,,0.847,349142051666944000
885,1:?,1:N,,0.694,349144288153714690
886,1:?,1:N,,0.937,349144300208140290
887,1:?,1:N,,1,349156442693042180
888,1:?,1:N,,0.957,349156782163238910
889,1:?,1:N,,0.904,349157564379975680
890,1:?,1:N,,0.98,349185315514232830
891,1:?,1:N,,1,349186292556378110
892,1:?,1:N,,0.999,349188337535434750
893,1:?,1:N,,0.695,349194952586194940
894,1:?,1:N,,1,349205134854729730
895,1:?,1:N,,0.99,349205952320389120
896,1:?,1:N,,1,349220398950400000
897,1:?,1:N,,0.992,349220537903489020
898,1:?,1:N,,0.982,349231903724941310
899,1:?,1:N,,0.99,349235433521168380
900,1:?,1:N,,0.998,349235989996240900
901,1:?,1:N,,0.99,349243584853180420
902,1:?,2:Y,,1,349248724083544060
903,1:?,1:N,,0.794,349279238811156480
904,1:?,1:N,,0.595,349284215126376450
905,1:?,1:N,,0.936,349285575070728190
906,1:?,1:N,,1,349292754054037500
907,1:?,1:N,,0.936,349298836084236290
908,1:?,1:N,,0.916,349330153324822530
909,1:?,1:N,,0.888,349340013072359420
910,1:?,1:N,,0.835,349350801463971840
911,1:?,1:N,,0.998,349352247148290050
912,1:?,1:N,,0.962,349360485008809980
913,1:?,1:N,,0.999,349366049071833090
914,1:?,1:N,,0.752,349377247339225090
915,1:?,2:Y,,1,349382072810483710
916,1:?,2:Y,,0.97,349417228166373380
917,1:?,1:N,,0.95,349429481980702720
918,1:?,1:N,,0.993,349438757063229440
919,1:?,1:N,,0.99,349442124233703420
920,1:?,1:N,,0.967,349494868718002180
921,1:?,1:N,,0.989,349517196977897470
922,1:?,1:N,,0.967,349530152662876160
923,1:?,1:N,,0.999,349533172146503680
924,1:?,1:N,,0.967,349539056293642240
925,1:?,2:Y,,0.968,349543406747389950
926,1:?,1:N,,0.964,349549083389734910
927,1:?,1:N,,0.986,349553123393671170
928,1:?,2:Y,,0.952,349556159230910460
929,1:?,1:N,,0.944,349573465730330620
930,1:?,1:N,,0.981,349581089221787650
931,1:?,1:N,,0.887,349581688671698940
932,1:?,1:N,,0.854,349587007296651260
933,1:?,1:N,,0.62,349589829887082500
934,1:?,1:N,,1,349589839856934910
935,1:?,1:N,,0.982,349594857456668670
936,1:?,1:N,,0.998,349620274334932990
937,1:?,1:N,,0.968,349697411670745090
938,1:?,1:N,,0.951,349720412470517760
939,1:?,1:N,,0.962,349726421549195260
940,1:?,1:N,,0.989,349773260726075390
941,1:?,1:N,,0.981,349784760949813250
942,1:?,1:N,,0.868,349825754541989890
943,1:?,1:N,,0.981,349827444603240450
944,1:?,1:N,,1,349829681241010180
945,1:?,2:Y,,0.991,349860621141028860
946,1:?,2:Y,,0.963,349867374167588860
947,1:?,1:N,,0.966,349903421752610820
948,1:?,1:N,,0.972,349943919829712900
949,1:?,1:N,,0.989,349967252159860740
950,1:?,1:N,,0.998,350118477203378180
951,1:?,1:N,,0.97,350270013174853630
952,1:?,1:N,,0.803,350310529060974590
953,1:?,1:N,,0.79,350446196646621180
954,1:?,1:N,,0.972,350541223485915140
955,1:?,1:N,,0.787,350556708394901500
956,1:?,1:N,,0.96,350566772312784900
957,1:?,1:N,,0.959,350581180476833790
958,1:?,1:N,,0.981,350591359721291780
959,1:?,1:N,,0.923,350598420362297340
960,1:?,1:N,,0.992,350598602978099200
961,1:?,2:Y,,0.995,350606942793777150
962,1:?,1:N,,0.989,350699104936017920
963,1:?,1:N,,0.992,350725786438877180
964,1:?,2:Y,,0.606,350840066110791680
965,1:?,2:Y,,0.931,350841430387859460
966,1:?,1:N,,0.98,350852519934701570
967,1:?,1:N,,0.989,350852947644661760
968,1:?,1:N,,0.949,350876529250664450
969,1:?,1:N,,0.98,350941422683291650
970,1:?,1:N,,0.996,350948934505594880
971,1:?,1:N,,0.989,351044926185816060
972,1:?,1:N,,0.999,351068913582346240
973,1:?,2:Y,,0.976,351099439982710780
974,1:?,1:N,,0.989,351167987396509700
975,1:?,2:Y,,0.904,351172038200791040
976,1:?,1:N,,0.989,351245885486809090
977,1:?,1:N,,0.989,351272435062022140
978,1:?,1:N,,0.988,351319829342457860
979,1:?,2:Y,,0.855,351389550024724480
980,1:?,1:N,,0.98,351395342887034880
981,1:?,1:N,,0.898,351399936551690240
982,1:?,2:Y,,1,351400394146070530
983,1:?,1:N,,0.929,351423933775486980
984,1:?,2:Y,,1,351444617037750270
985,1:?,2:Y,,1,351445557308428290
986,1:?,2:Y,,0.996,351455090193858560
987,1:?,1:N,,0.833,351466599468892160
988,1:?,1:N,,0.927,351471026200256510
989,1:?,1:N,,0.98,351518537266888700
990,1:?,1:N,,0.98,351519706655629310
991,1:?,1:N,,0.958,351533912486453250
992,1:?,1:N,,0.642,351600831512059900
993,1:?,1:N,,0.925,351629421242884100
994,1:?,1:N,,0.988,351635747238973440
995,1:?,1:N,,0.988,351659428912693250
996,1:?,2:Y,,1,351661496113168380
997,1:?,1:N,,0.988,351665598968766460
998,1:?,1:N,,0.979,351677775293333500
999,1:?,1:N,,0.912,351677912660975620
1000,1:?,1:N,,0.886,351689404751953920
1001,1:?,2:Y,,0.994,351705584560652290
1002,1:?,2:Y,,0.998,351720684168282110
1003,1:?,1:N,,0.979,351727654413668350
1004,1:?,1:N,,0.992,351764272868622340
1005,1:?,2:Y,,0.684,351782926419111940
1006,1:?,1:N,,0.988,351807324681285630
1007,1:?,1:N,,0.968,351829062911668220
1008,1:?,1:N,,0.977,351917795774177280
1009,1:?,1:N,,0.988,351937880509267970
1010,1:?,1:N,,0.979,351966021025935360
1011,1:?,1:N,,0.979,352014518093758460
1012,1:?,1:N,,0.861,352108237190987780
1013,1:?,1:N,,0.995,352145096415784960
1014,1:?,1:N,,0.988,352154316611657730
1015,1:?,1:N,,0.685,352174301660712960
1016,1:?,1:N,,0.953,352217412046823420
1017,1:?,1:N,,0.85,352242020217135100
1018,1:?,2:Y,,1,352259225721901060
1019,1:?,2:Y,,0.983,352314969775292420
1020,1:?,2:Y,,0.819,352325100474875900
1021,1:?,1:N,,0.684,352327453202595840
1022,1:?,2:Y,,0.87,352373166724751360
1023,1:?,1:N,,0.983,352430228959793150
1024,1:?,1:N,,1,352456695487799300
1025,1:?,1:N,,0.739,352458514955911170
1026,1:?,1:N,,0.742,352464099428417540
1027,1:?,1:N,,0.922,352506225851760640
1028,1:?,1:N,,0.957,352523295700172800
1029,1:?,1:N,,0.914,352527512854732800
1030,1:?,1:N,,0.979,352531782983368700
1031,1:?,1:N,,0.988,352538624887238660
1032,1:?,1:N,,0.996,352555136951926780
1033,1:?,1:N,,1,352589115394490370
1034,1:?,2:Y,,0.646,352604291506241540
1035,1:?,1:N,,0.917,352668387886895100
1036,1:?,1:N,,0.799,352675531919073280
1037,1:?,1:N,,0.999,352677700365848580
1038,1:?,1:N,,0.966,352689989311664130
1039,1:?,1:N,,0.989,352739232231604220
1040,1:?,1:N,,0.977,352743732740751360
1041,1:?,2:Y,,0.888,352761976683888640
1042,1:?,1:N,,0.987,352781552981245950
1043,1:?,1:N,,0.942,352787907389566980
1044,1:?,1:N,,0.91,352819630613598210
1045,1:?,1:N,,0.98,352825664669351940
1046,1:?,2:Y,,0.999,352856375434555390
1047,1:?,1:N,,0.552,352979368764649470
1048,1:?,1:N,,0.999,353022969150320640
1049,1:?,1:N,,0.996,353029576630353920
1050,1:?,1:N,,0.999,353042276030742530
1051,1:?,1:N,,1,353042592885248000
1052,1:?,1:N,,0.987,353056067728588800
1053,1:?,1:N,,0.987,353057500569944060
1054,1:?,1:N,,0.954,353149798909607940
1055,1:?,1:N,,0.994,353183793915498500
1056,1:?,2:Y,,0.873,353226643768221700
1057,1:?,2:Y,,0.751,353253556477894660
1058,1:?,2:Y,,0.571,353277276139421700
1059,1:?,1:N,,0.797,353280276664811520
1060,1:?,1:N,,0.852,353311896251793410
1061,1:?,2:Y,,0.639,353565370302480380
1062,1:?,1:N,,0.855,353597179190968320
1063,1:?,1:N,,0.623,353628542396936190
1064,1:?,1:N,,0.798,353832654724022270
1065,1:?,2:Y,,0.928,353860780514480130
1066,1:?,2:Y,,1,353941288690786300
1067,1:?,2:Y,,0.92,353979581033750530
1068,1:?,1:N,,0.986,354097971337510910
1069,1:?,2:Y,,0.792,354148434728583170
1070,1:?,1:N,,0.908,354207890338357250
1071,1:?,1:N,,0.797,354228220431843330
1072,1:?,2:Y,,0.776,354240401080729600
1073,1:?,1:N,,0.986,354256195432882180
1074,1:?,1:N,,0.999,354263472332226560
1075,1:?,2:Y,,1,354277272758398980
1076,1:?,1:N,,0.986,354281812417200130
1077,1:?,1:N,,0.998,354293014753062910
1078,1:?,1:N,,0.964,354353466065424380
1079,1:?,2:Y,,1,354360433869721600
1080,1:?,2:Y,,0.568,354367006956453890
1081,1:?,2:Y,,0.568,354367211210686460
1082,1:?,1:N,,0.986,354432178639224830
1083,1:?,1:N,,0.986,354437675954077700
1084,1:?,1:N,,0.615,358337651570524160
1085,1:?,1:N,,0.998,358348309527674880
1086,1:?,2:Y,,0.808,358350698636775420
1087,1:?,2:Y,,0.744,358371997434134530

